211, 110, 0
213, 108, 0
214, 106, 0
215, 105, 0
216, 103, 0
218, 101, 0
219, 99, 0
220, 98, 0
221, 96, 0
222, 94, 0
223, 93, 0
224, 91, 0
226, 90, 0
227, 88, 0
228, 86, 0
229, 85, 0
230, 83, 0
231, 82, 0
232, 80, 0
233, 78, 0
233, 77, 0
234, 75, 0
235, 74, 0
236, 72, 0
237, 71, 0
238, 69, 0
239, 68, 0
239, 67, 0
240, 65, 0
241, 64, 0
241, 62, 0
242, 61, 0
243, 60, 0
243, 58, 0
244, 57, 0
245, 56, 0
245, 54, 0
246, 53, 0
246, 52, 0
247, 51, 0
247, 49, 0
248, 48, 0
248, 47, 0
249, 46, 0
249, 45, 0
249, 43, 0
250, 42, 0
250, 41, 0
250, 40, 0
250, 39, 1
251, 38, 1
251, 37, 1
251, 36, 1
251, 35, 1
251, 34, 1
251, 33, 1
251, 32, 1
251, 31, 2
252, 30, 2
251, 29, 2
251, 28, 2
251, 27, 2
251, 26, 2
251, 26, 3
251, 25, 3
251, 24, 3
251, 23, 3
251, 22, 4
250, 22, 4
250, 21, 4
250, 20, 4
250, 19, 5
249, 19, 5
249, 18, 5
248, 17, 6
248, 17, 6
248, 16, 6
247, 16, 7
247, 15, 7
246, 14, 8
246, 14, 8
245, 13, 8
245, 13, 9
244, 12, 9
243, 12, 10
243, 11, 10
242, 11, 11
241, 10, 11
241, 10, 12
240, 9, 13
239, 9, 13
238, 8, 14
238, 8, 14
237, 8, 15
236, 7, 16
235, 7, 16
234, 7, 17
233, 6, 18
232, 6, 18
231, 6, 19
231, 5, 20
230, 5, 21
229, 5, 22
228, 4, 22
226, 4, 23
225, 4, 24
224, 4, 25
223, 3, 26
222, 3, 27
221, 3, 28
220, 3, 29
219, 3, 30
217, 2, 31
216, 2, 32
215, 2, 33
214, 2, 34
213, 2, 35
211, 2, 36
210, 1, 37
209, 1, 38
207, 1, 40
206, 1, 41
205, 1, 42
203, 1, 43
202, 1, 44
201, 1, 46
199, 1, 47
198, 0, 48
196, 0, 50
195, 0, 51
193, 0, 52
192, 0, 54
191, 0, 55
189, 0, 57
188, 0, 58
186, 0, 60
185, 0, 61
183, 0, 63
182, 0, 64
180, 0, 66
178, 0, 67
177, 0, 69
175, 0, 70
174, 0, 72
172, 0, 74
171, 0, 75
169, 0, 77
167, 0, 79
166, 0, 80
164, 0, 82
163, 0, 84
161, 0, 85
159, 0, 87
158, 0, 89
156, 0, 91
155, 0, 92
153, 0, 94
151, 0, 96
150, 0, 98
148, 0, 100
146, 0, 102
145, 0, 103
143, 0, 105
142, 0, 107
140, 0, 109
138, 0, 111
137, 0, 113
135, 0, 115
133, 0, 117
132, 0, 119
130, 0, 121
128, 0, 122
127, 0, 124
125, 0, 126
124, 0, 128
122, 0, 130
120, 0, 132
119, 0, 134
117, 0, 136
116, 0, 138
114, 0, 140
112, 0, 142
111, 0, 144
109, 0, 146
108, 0, 148
106, 0, 150
105, 0, 152
103, 0, 154
101, 0, 156
100, 0, 158
98, 0, 160
97, 0, 162
95, 0, 163
94, 0, 165
92, 0, 167
91, 0, 169
89, 0, 171
88, 0, 173
86, 0, 175
85, 0, 177
83, 0, 179
82, 0, 180
81, 0, 182
79, 0, 184
78, 0, 186
76, 0, 188
75, 0, 190
74, 0, 191
72, 0, 193
71, 0, 195
70, 0, 197
68, 0, 198
67, 0, 200
66, 0, 202
64, 0, 203
63, 0, 205
62, 0, 206
61, 0, 208
59, 0, 210
58, 1, 211
57, 1, 213
56, 1, 214
55, 1, 216
53, 1, 217
52, 1, 219
51, 1, 220
50, 1, 221
49, 1, 223
48, 2, 224
47, 2, 225
46, 2, 227
45, 2, 228
44, 2, 229
42, 2, 230
41, 3, 231
40, 3, 233
39, 3, 234
39, 3, 235
38, 3, 236
37, 4, 237
36, 4, 238
35, 4, 239
34, 4, 240
33, 5, 240
32, 5, 241
31, 5, 242
30, 5, 243
30, 6, 244
29, 6, 244
28, 6, 245
27, 7, 246
26, 7, 246
26, 8, 247
25, 8, 248
24, 8, 248
23, 9, 249
23, 9, 249
22, 10, 249
21, 10, 250
21, 11, 250
20, 11, 250
19, 11, 251
19, 12, 251
18, 12, 251
17, 13, 251
17, 14, 251
16, 14, 251
16, 15, 251
15, 15, 252
15, 16, 251
14, 17, 251
14, 17, 251
13, 18, 251
13, 19, 251
12, 19, 251
12, 20, 251
11, 21, 250
11, 21, 250
10, 22, 250
10, 23, 249
10, 24, 249
9, 24, 248
9, 25, 248
8, 26, 247
8, 27, 247
8, 28, 246
7, 29, 246
7, 30, 245
7, 31, 244
6, 32, 244
6, 32, 243
6, 33, 242
5, 34, 241
5, 35, 240
5, 36, 239
5, 37, 238
4, 39, 237
4, 40, 237
4, 41, 235
4, 42, 234
4, 43, 233
3, 44, 232
3, 45, 231
3, 46, 230
3, 48, 229
3, 49, 228
2, 50, 226
2, 51, 225
2, 53, 224
2, 54, 222
2, 55, 221
2, 56, 220
1, 58, 218
1, 59, 217
1, 60, 215
1, 62, 214
1, 63, 212
1, 65, 211
1, 66, 209
1, 67, 208
1, 69, 206
1, 70, 204
0, 72, 203
0, 73, 201
0, 75, 199
0, 76, 198
0, 78, 196
0, 79, 194
0, 81, 193
0, 83, 191
0, 84, 189
0, 86, 187
0, 87, 186
0, 89, 184
0, 91, 182
0, 92, 180
0, 94, 178
0, 96, 176
0, 97, 174
0, 99, 173
0, 101, 171
0, 102, 169
0, 104, 167
0, 106, 165
0, 107, 163
0, 109, 161
0, 111, 159
0, 113, 157
0, 114, 155
0, 116, 153
0, 118, 151
0, 120, 149
0, 121, 147
0, 123, 145
0, 125, 144
0, 127, 142
0, 129, 140
0, 130, 138
0, 132, 136
0, 134, 134
0, 136, 132
0, 138, 130
0, 139, 128
0, 141, 126
0, 143, 124
0, 145, 122
0, 147, 120
0, 148, 118
0, 150, 116
0, 152, 114
0, 154, 112
0, 155, 110
0, 157, 109
0, 159, 107
0, 161, 105
0, 163, 103
0, 164, 101
0, 166, 99
0, 168, 97
0, 170, 96
0, 171, 94
0, 173, 92
0, 175, 90
0, 177, 88
0, 178, 87
0, 180, 85
0, 182, 83
0, 183, 82
0, 185, 80
0, 187, 78
0, 188, 76
0, 190, 75
0, 192, 73
0, 193, 72
0, 195, 70
0, 196, 68
0, 198, 67
0, 199, 65
0, 201, 64
0, 202, 62
0, 204, 61
0, 205, 59
0, 207, 58
0, 208, 56
0, 210, 55
0, 211, 53
0, 213, 52
0, 214, 51
0, 215, 49
0, 217, 48
0, 218, 47
0, 219, 45
0, 221, 44
0, 222, 43
0, 223, 42
0, 224, 40
0, 225, 39
0, 227, 38
0, 228, 37
0, 229, 36
0, 230, 35
0, 231, 34
0, 232, 33
0, 233, 32
1, 234, 31
1, 235, 30
1, 236, 29
1, 237, 28
1, 238, 27
1, 239, 26
1, 240, 25
1, 240, 24
1, 241, 23
1, 242, 22
2, 243, 21
2, 243, 21
2, 244, 20
2, 245, 19
2, 245, 18
2, 246, 18
3, 246, 17
3, 247, 16
3, 247, 16
3, 248, 15
3, 248, 14
3, 249, 14
4, 249, 13
4, 250, 12
4, 250, 12
4, 250, 11
5, 250, 11
5, 251, 10
5, 251, 10
5, 251, 9
6, 251, 9
6, 251, 8
6, 251, 8
7, 251, 8
7, 252, 7
7, 251, 7
8, 251, 6
8, 251, 6
8, 251, 6
9, 251, 5
9, 251, 5
9, 251, 5
10, 251, 4
10, 250, 4
11, 250, 4
11, 250, 4
12, 249, 3
12, 249, 3
13, 249, 3
13, 248, 3
14, 248, 2
14, 247, 2
15, 247, 2
15, 246, 2
16, 246, 2
16, 245, 2
17, 244, 1
17, 244, 1
18, 243, 1
19, 242, 1
19, 242, 1
20, 241, 1
20, 240, 1
21, 239, 1
22, 238, 0
23, 237, 0
23, 237, 0
24, 236, 0
25, 235, 0
25, 234, 0
26, 233, 0
27, 232, 0
28, 231, 0
29, 229, 0
29, 228, 0
30, 227, 0
31, 226, 0
32, 225, 0
33, 224, 0
34, 223, 0
35, 221, 0
35, 220, 0
36, 219, 0
37, 217, 0
38, 216, 0
39, 215, 0
40, 213, 0
41, 212, 0
42, 211, 0
43, 209, 0
44, 208, 0
45, 206, 0
46, 205, 0
48, 203, 0
49, 202, 0
50, 200, 0
51, 199, 0
52, 197, 0
53, 196, 0
54, 194, 0
56, 192, 0
57, 191, 0
58, 189, 0
59, 188, 0
60, 186, 0
62, 184, 0
63, 183, 0
64, 181, 0
65, 179, 0
67, 177, 0
68, 176, 0
69, 174, 0
71, 172, 0
72, 171, 0
73, 169, 0
75, 167, 0
76, 165, 0
78, 164, 0
79, 162, 0
80, 160, 0
82, 158, 0
83, 156, 0
85, 155, 0
86, 153, 0
88, 151, 0
89, 149, 0
90, 148, 0
92, 146, 0
93, 144, 0
95, 142, 0
96, 140, 0
98, 139, 0
100, 137, 0
101, 135, 0
103, 133, 0
104, 131, 0
106, 130, 0
107, 128, 0
109, 126, 0
110, 124, 0
112, 122, 0
114, 121, 0
115, 119, 0
117, 117, 0
118, 115, 0
120, 114, 0
122, 112, 0
123, 110, 0
125, 108, 1
126, 107, 1
128, 105, 1
130, 103, 1
131, 102, 1
133, 100, 1
135, 98, 1
136, 96, 1
138, 95, 1
140, 93, 2
141, 91, 2
143, 90, 2
144, 88, 2
146, 87, 2
148, 85, 3
149, 83, 3
151, 82, 3
153, 80, 3
154, 79, 3
156, 77, 4
157, 76, 4
159, 74, 4
161, 73, 5
162, 71, 5
164, 70, 5
166, 68, 6
167, 67, 6
169, 65, 6
170, 64, 7
172, 63, 7
173, 61, 7
175, 60, 8
177, 59, 8
178, 57, 9
180, 56, 9
181, 55, 10
183, 53, 10
184, 52, 11
186, 51, 11
187, 50, 12
189, 48, 12
190, 47, 13
192, 46, 13
193, 45, 14
195, 44, 15
196, 42, 15
197, 41, 16
199, 40, 17
200, 39, 17
202, 38, 18
203, 37, 19
204, 36, 20
206, 35, 20
207, 34, 21
208, 33, 22
210, 32, 23
211, 31, 24
212, 30, 25
214, 29, 25
215, 28, 26
216, 27, 27
217, 27, 28
218, 26, 29
220, 25, 30
221, 24, 31
222, 23, 32
223, 23, 33
224, 22, 34
225, 21, 35
226, 20, 37
227, 20, 38
228, 19, 39
229, 18, 40
230, 18, 41
231, 17, 42
232, 16, 44
233, 16, 45
234, 15, 46
235, 14, 48
236, 14, 49
237, 13, 50
237, 13, 52
238, 12, 53
239, 12, 54
240, 11, 56
241, 11, 57
241, 10, 59
242, 10, 60
243, 9, 62
243, 9, 63
244, 9, 65
244, 8, 66
245, 8, 68
246, 7, 69
246, 7, 71
247, 7, 73
247, 6, 74
248, 6, 76
248, 6, 78
248, 5, 79
249, 5, 81
249, 5, 83
249, 4, 84
250, 4, 86
250, 4, 88
250, 4, 90
251, 3, 91
251, 3, 93
251, 3, 95
251, 3, 97
251, 3, 99
251, 2, 100
251, 2, 102
251, 2, 104
251, 2, 106
252, 2, 108
251, 2, 110
251, 1, 112
251, 1, 114
251, 1, 116
251, 1, 117
251, 1, 119
251, 1, 121
251, 1, 123
250, 1, 125
250, 1, 127
250, 0, 129
250, 0, 131
249, 0, 133
249, 0, 135
249, 0, 137
248, 0, 139
248, 0, 141
247, 0, 143
247, 0, 145
246, 0, 147
246, 0, 149
245, 0, 151
245, 0, 153
244, 0, 155
244, 0, 157
243, 0, 158
242, 0, 160
242, 0, 162
241, 0, 164
240, 0, 166
239, 0, 168
239, 0, 170
238, 0, 172
237, 0, 174
236, 0, 176
235, 0, 178
235, 0, 179
234, 0, 181
233, 0, 183
232, 0, 185
231, 0, 187
230, 0, 188
229, 0, 190
228, 0, 192
227, 0, 194
226, 0, 195
225, 0, 197
224, 0, 199
222, 0, 201
221, 0, 202
220, 0, 204
219, 0, 205
218, 0, 207
217, 0, 209
215, 0, 210
214, 0, 212
213, 0, 213
212, 0, 215
210, 0, 216
209, 0, 218
208, 0, 219
206, 0, 220
205, 0, 222
204, 0, 223
202, 0, 225
201, 0, 226
200, 0, 227
198, 0, 228
197, 0, 230
195, 0, 231
194, 0, 232
192, 0, 233
191, 0, 234
190, 0, 235
188, 0, 236
187, 0, 237
185, 0, 238
184, 0, 239
182, 0, 240
181, 0, 241
179, 0, 242
177, 0, 242
176, 0, 243
174, 0, 244
173, 0, 245
171, 0, 245
170, 0, 246
168, 0, 247
166, 0, 247
165, 0, 248
163, 0, 248
162, 0, 249
160, 0, 249
158, 0, 250
157, 0, 250
155, 0, 250
153, 0, 250
152, 0, 251
150, 0, 251
149, 0, 251
147, 0, 251
145, 0, 251
144, 0, 251
142, 1, 252
140, 1, 251
139, 1, 251
137, 1, 251
135, 1, 251
134, 1, 251
132, 1, 251
131, 1, 251
129, 2, 250
127, 2, 250
126, 2, 250
124, 2, 250
122, 2, 249
121, 2, 249
119, 2, 248
118, 3, 248
116, 3, 247
114, 3, 247
113, 3, 246
111, 4, 245
110, 4, 245
108, 4, 244
107, 4, 243
105, 5, 242
103, 5, 242
102, 5, 241
100, 5, 240
99, 6, 239
97, 6, 238
96, 6, 237
94, 7, 236
93, 7, 235
91, 7, 234
90, 8, 233
88, 8, 232
87, 9, 231
85, 9, 229
84, 9, 228
83, 10, 227
81, 10, 226
80, 11, 224
78, 11, 223
77, 12, 222
75, 12, 220
74, 13, 219
73, 13, 218
71, 14, 216
70, 15, 215
69, 15, 213
67, 16, 212
66, 16, 210
65, 17, 209
64, 18, 207
62, 18, 205
61, 19, 204
60, 20, 202
59, 20, 200
57, 21, 199
56, 22, 197
55, 23, 195
54, 24, 194
53, 24, 192
52, 25, 190
50, 26, 188
49, 27, 187
48, 28, 185
47, 29, 183
46, 29, 181
45, 30, 179
44, 31, 177
43, 32, 176
42, 33, 174
41, 34, 172
40, 35, 170
39, 36, 168
38, 37, 166
37, 38, 164
36, 39, 162
35, 41, 160
34, 42, 158
33, 43, 156
32, 44, 154
31, 45, 153
31, 46, 151
30, 47, 149
29, 49, 147
28, 50, 145
27, 51, 143
27, 52, 141
26, 54, 139
25, 55, 137
24, 56, 135
24, 58, 133
23, 59, 131
22, 60, 129
21, 62, 127
21, 63, 125
20, 64, 123
20, 66, 121
19, 67, 119
18, 69, 117
18, 70, 115
17, 72, 114
16, 73, 112
16, 75, 110
15, 76, 108
15, 78, 106
14, 79, 104
14, 81, 102
13, 82, 100
13, 84, 99
12, 85, 97
12, 87, 95
11, 89, 93
11, 90, 91
10, 92, 90
10, 94, 88
10, 95, 86
9, 97, 84
9, 99, 83
8, 100, 81
8, 102, 79
8, 104, 77
7, 105, 76
7, 107, 74
7, 109, 73
6, 111, 71
6, 112, 69
6, 114, 68
6, 116, 66
5, 118, 65
5, 119, 63
5, 121, 62
4, 123, 60
4, 125, 59
4, 126, 57
4, 128, 56
4, 130, 54
3, 132, 53
3, 134, 52
3, 135, 50
3, 137, 49
3, 139, 47
2, 141, 46
2, 143, 45
2, 144, 44
2, 146, 42
2, 148, 41
2, 150, 40
2, 152, 39
1, 153, 38
1, 155, 37
1, 157, 35
1, 159, 34
1, 160, 33
1, 162, 32
1, 164, 31
1, 166, 30
1, 168, 29
1, 169, 28
0, 171, 27
0, 173, 26
0, 174, 25
0, 176, 24
0, 178, 24
0, 180, 23
0, 181, 22
0, 183, 21
0, 185, 20
0, 186, 20
0, 188, 19
0, 190, 18
0, 191, 17
0, 193, 17
0, 194, 16
0, 196, 15
0, 198, 15
0, 199, 14
0, 201, 13
0, 202, 13
0, 204, 12
0, 205, 12
0, 207, 11
0, 208, 11
0, 210, 10
0, 211, 10
0, 212, 9
0, 214, 9
0, 215, 8
0, 216, 8
0, 218, 7
0, 219, 7
0, 220, 7
0, 222, 6
0, 223, 6
0, 224, 5
0, 225, 5
0, 226, 5
0, 228, 5
0, 229, 4
0, 230, 4
0, 231, 4
0, 232, 3
0, 233, 3
0, 234, 3
0, 235, 3
0, 236, 3
0, 237, 2
0, 238, 2
0, 239, 2
0, 239, 2
0, 240, 2
0, 241, 1
0, 242, 1
0, 243, 1
0, 243, 1
0, 244, 1
0, 245, 1
0, 245, 1
0, 246, 1
0, 246, 0
0, 247, 0
0, 247, 0
0, 248, 0
0, 248, 0
0, 249, 0
0, 249, 0
0, 250, 0
0, 250, 0
0, 250, 0
0, 250, 0
0, 251, 0
0, 251, 0
0, 251, 0
0, 251, 0
0, 251, 0
0, 251, 0
0, 251, 0
0, 252, 0
0, 252, 0
0, 251, 0
0, 251, 0
0, 251, 0
0, 251, 0
0, 251, 0
0, 251, 0
0, 251, 0
0, 250, 0
0, 250, 0
0, 250, 0
0, 249, 0
0, 249, 0
0, 249, 0
0, 248, 0
0, 248, 0
0, 247, 0
0, 247, 0
0, 246, 0
0, 246, 0
0, 245, 0
0, 245, 0
1, 244, 0
1, 243, 0
1, 242, 0
1, 242, 0
1, 241, 0
1, 240, 0
1, 239, 0
1, 239, 0
1, 238, 0
1, 237, 0
2, 236, 0
2, 235, 0
2, 234, 0
2, 233, 0
2, 232, 0
2, 231, 0
2, 230, 0
3, 229, 0
3, 227, 0
3, 226, 0
3, 225, 0
3, 224, 0
4, 223, 0
4, 222, 0
4, 220, 0
4, 219, 0
5, 218, 0
5, 216, 0
5, 215, 0
5, 214, 0
6, 212, 0
6, 211, 0
6, 209, 0
6, 208, 0
7, 207, 0
7, 205, 0
7, 204, 0
8, 202, 0
8, 201, 0
9, 199, 0
9, 197, 0
9, 196, 0
10, 194, 0
10, 193, 0
11, 191, 1
11, 190, 1
11, 188, 1
12, 186, 1
12, 185, 1
13, 183, 1
13, 181, 1
14, 180, 1
14, 178, 2
15, 176, 2
15, 174, 2
16, 173, 2
17, 171, 2
17, 169, 2
18, 167, 3
18, 166, 3
19, 164, 3
20, 162, 3
20, 160, 4
21, 159, 4
22, 157, 4
22, 155, 4
23, 153, 5
24, 151, 5
24, 150, 5
25, 148, 6
26, 146, 6
27, 144, 6
27, 142, 7
28, 141, 7
29, 139, 8
30, 137, 8
31, 135, 8
32, 133, 9
32, 132, 9
33, 130, 10
34, 128, 10
35, 126, 11
36, 125, 11
37, 123, 12
38, 121, 12
39, 119, 13
40, 117, 14
41, 116, 14
42, 114, 15
43, 112, 16
44, 110, 16
45, 109, 17
46, 107, 18
47, 105, 18
48, 104, 19
49, 102, 20
51, 100, 21
52, 98, 21
53, 97, 22
54, 95, 23
55, 93, 24
56, 92, 25
58, 90, 26
59, 89, 27
60, 87, 28
61, 85, 29
62, 84, 30
64, 82, 31
65, 81, 32
66, 79, 33
68, 78, 34
69, 76, 35
70, 74, 36
72, 73, 37
73, 71, 38
74, 70, 39
76, 69, 41
77, 67, 42
78, 66, 43
80, 64, 44
81, 63, 45
83, 62, 47
84, 60, 48
86, 59, 49
87, 57, 51
89, 56, 52
90, 55, 54
92, 54, 55
93, 52, 56
94, 51, 58
96, 50, 59
98, 49, 61
99, 47, 62
101, 46, 64
102, 45, 65
104, 44, 67
105, 43, 68
107, 42, 70
108, 40, 72
110, 39, 73
112, 38, 75
113, 37, 77
115, 36, 78
116, 35, 80
118, 34, 82
120, 33, 83
121, 32, 85
123, 31, 87
124, 30, 89
126, 29, 90
128, 29, 92
129, 28, 94
131, 27, 96
132, 26, 98
134, 25, 99
136, 24, 101
137, 23, 103
139, 23, 105
141, 22, 107
142, 21, 109
144, 20, 111
146, 20, 112
147, 19, 114
149, 18, 116
150, 18, 118
152, 17, 120
154, 16, 122
155, 16, 124
157, 15, 126
159, 15, 128
160, 14, 130
162, 13, 132
163, 13, 134
165, 12, 136
167, 12, 138
168, 11, 140
170, 11, 142
171, 10, 144
173, 10, 146
175, 9, 148
176, 9, 149
178, 9, 151
179, 8, 153
181, 8, 155
182, 7, 157
184, 7, 159
185, 7, 161
187, 6, 163
188, 6, 165
190, 6, 167
191, 5, 169
193, 5, 171
194, 5, 173
196, 5, 175
197, 4, 176
198, 4, 178
200, 4, 180
201, 4, 182
203, 3, 184
204, 3, 186
205, 3, 187
207, 3, 189
208, 2, 191
209, 2, 193
211, 2, 194
212, 2, 196
213, 2, 198
214, 2, 200
216, 1, 201
217, 1, 203
218, 1, 205
219, 1, 206
220, 1, 208
222, 1, 209
223, 1, 211
224, 1, 212
225, 1, 214
226, 0, 215
227, 0, 217
228, 0, 218
229, 0, 220
230, 0, 221
231, 0, 222
232, 0, 224
233, 0, 225
234, 0, 226
235, 0, 228
236, 0, 229
236, 0, 230
237, 0, 231
238, 0, 232
239, 0, 233
240, 0, 234
240, 0, 236
241, 0, 237
242, 0, 238
242, 0, 238
243, 0, 239
244, 0, 240
244, 0, 241
245, 0, 242
245, 0, 243
246, 0, 244
246, 0, 244
247, 0, 245
247, 0, 246
248, 0, 246
248, 0, 247
249, 0, 247
249, 0, 248
249, 0, 248
250, 0, 249
250, 0, 249
250, 0, 250
250, 0, 250
251, 0, 250
251, 0, 251
251, 0, 251
251, 0, 251
251, 0, 251
251, 0, 251
251, 0, 251
251, 0, 251
252, 0, 252
251, 0, 251
251, 0, 251
251, 0, 251
251, 0, 251
251, 0, 251
251, 0, 251
251, 0, 251
251, 0, 250
251, 0, 250
250, 0, 250
250, 0, 249
250, 0, 249
249, 0, 248
249, 0, 248
249, 0, 247
248, 0, 247
248, 0, 246
247, 0, 246
247, 0, 245
247, 0, 244
246, 0, 244
246, 0, 243
245, 0, 242
244, 0, 241
244, 0, 240
243, 0, 240
243, 0, 239
242, 0, 238
241, 0, 237
240, 0, 236
240, 0, 235
239, 0, 234
238, 0, 232
237, 0, 231
237, 0, 230
236, 0, 229
235, 0, 228
234, 0, 227
233, 0, 225
232, 0, 224
231, 0, 223
230, 0, 221
229, 0, 220
228, 0, 218
227, 0, 217
226, 0, 216
225, 1, 214
224, 1, 213
223, 1, 211
222, 1, 210
221, 1, 208
219, 1, 206
218, 1, 205
217, 1, 203
216, 1, 201
215, 2, 200
213, 2, 198
212, 2, 196
211, 2, 195
210, 2, 193
208, 2, 191
207, 3, 189
206, 3, 188
204, 3, 186
203, 3, 184
201, 3, 182
200, 4, 180
199, 4, 179
197, 4, 177
196, 4, 175
194, 5, 173
193, 5, 171
191, 5, 169
190, 6, 167
189, 6, 165
187, 6, 163
186, 7, 161
184, 7, 160
183, 7, 158
181, 8, 156
179, 8, 154
178, 9, 152
176, 9, 150
175, 9, 148
173, 10, 146
172, 10, 144
170, 11, 142
168, 11, 140
167, 12, 138
165, 12, 136
164, 13, 134
162, 13, 132
160, 14, 130
159, 14, 128
157, 15, 126
156, 16, 124
154, 16, 122
152, 17, 120
151, 18, 118
149, 18, 117
147, 19, 115
146, 20, 113
144, 20, 111
143, 21, 109
141, 22, 107
139, 23, 105
138, 23, 103
136, 24, 101
134, 25, 100
133, 26, 98
131, 27, 96
129, 28, 94
128, 28, 92
126, 29, 91
125, 30, 89
123, 31, 87
121, 32, 85
120, 33, 84
118, 34, 82
117, 35, 80
115, 36, 78
113, 37, 77
112, 38, 75
110, 39, 73
109, 40, 72
107, 41, 70
105, 43, 69
104, 44, 67
102, 45, 66
101, 46, 64
99, 47, 62
98, 48, 61
96, 50, 59
95, 51, 58
93, 52, 57
92, 53, 55
90, 55, 54
89, 56, 52
87, 57, 51
86, 59, 50
84, 60, 48
83, 61, 47
82, 63, 46
80, 64, 44
79, 65, 43
77, 67, 42
76, 68, 41
75, 70, 40
73, 71, 38
72, 73, 37
70, 74, 36
69, 76, 35
68, 77, 34
67, 79, 33
65, 80, 32
64, 82, 31
63, 84, 30
61, 85, 29
60, 87, 28
59, 88, 27
58, 90, 26
57, 92, 25
55, 93, 24
54, 95, 23
53, 97, 22
52, 98, 22
51, 100, 21
50, 102, 20
48, 103, 19
47, 105, 18
46, 107, 18
45, 108, 17
44, 110, 16
43, 112, 16
42, 114, 15
41, 115, 14
40, 117, 14
39, 119, 13
38, 121, 13
37, 122, 12
36, 124, 11
35, 126, 11
34, 128, 10
34, 130, 10
33, 131, 9
32, 133, 9
31, 135, 8
30, 137, 8
29, 139, 8
28, 140, 7
28, 142, 7
27, 144, 6
26, 146, 6
25, 148, 6
25, 149, 5
24, 151, 5
23, 153, 5
22, 155, 4
22, 157, 4
21, 158, 4
20, 160, 4
20, 162, 3
19, 164, 3
18, 165, 3
18, 167, 3
17, 169, 2
17, 171, 2
16, 172, 2
16, 174, 2
15, 176, 2
14, 178, 2
14, 179, 1
13, 181, 1
13, 183, 1
12, 184, 1
12, 186, 1
12, 188, 1
11, 189, 1
11, 191, 1
10, 192, 0
10, 194, 0
9, 196, 0
9, 197, 0
9, 199, 0
8, 200, 0
8, 202, 0
8, 203, 0
7, 205, 0
7, 206, 0
7, 208, 0
6, 209, 0
6, 211, 0
6, 212, 0
5, 213, 0
5, 215, 0
5, 216, 0
5, 217, 0
4, 219, 0
4, 220, 0
4, 221, 0
4, 223, 0
3, 224, 0
3, 225, 0
3, 226, 0
3, 227, 0
3, 228, 0
2, 230, 0
2, 231, 0
2, 232, 0
2, 233, 0
2, 234, 0
2, 235, 0
2, 236, 0
1, 237, 0
1, 237, 0
1, 238, 0
1, 239, 0
1, 240, 0
1, 241, 0
1, 242, 0
1, 242, 0
1, 243, 0
1, 244, 0
0, 244, 0
0, 245, 0
0, 246, 0
0, 246, 0
0, 247, 0
0, 247, 0
0, 248, 0
0, 248, 0
0, 249, 0
0, 249, 0
0, 249, 0
0, 250, 0
0, 250, 0
0, 250, 0
0, 251, 0
0, 251, 0
0, 251, 0
0, 251, 0
0, 251, 0
0, 251, 0
0, 251, 0
0, 251, 0
0, 252, 0
0, 251, 0
0, 251, 0
0, 251, 0
0, 251, 0
0, 251, 0
0, 251, 0
0, 251, 0
0, 250, 0
0, 250, 0
0, 250, 0
0, 250, 0
0, 249, 0
0, 249, 0
0, 248, 0
0, 248, 0
0, 247, 0
0, 247, 0
0, 246, 0
0, 246, 1
0, 245, 1
0, 245, 1
0, 244, 1
0, 243, 1
0, 243, 1
0, 242, 1
0, 241, 1
0, 240, 2
0, 240, 2
0, 239, 2
0, 238, 2
0, 237, 2
0, 236, 3
0, 235, 3
0, 234, 3
0, 233, 3
0, 232, 3
0, 231, 4
0, 230, 4
0, 229, 4
0, 228, 5
0, 227, 5
0, 225, 5
0, 224, 5
0, 223, 6
0, 222, 6
0, 221, 7
0, 219, 7
0, 218, 7
0, 217, 8
0, 215, 8
0, 214, 9
0, 213, 9
0, 211, 10
0, 210, 10
0, 208, 11
0, 207, 11
0, 205, 12
0, 204, 12
0, 202, 13
0, 201, 13
0, 199, 14
0, 198, 15
0, 196, 15
0, 195, 16
0, 193, 17
0, 191, 17
0, 190, 18
0, 188, 19
0, 187, 19
0, 185, 20
0, 183, 21
0, 182, 22
0, 180, 23
0, 178, 23
0, 176, 24
0, 175, 25
0, 173, 26
0, 171, 27
1, 170, 28
1, 168, 29
1, 166, 30
1, 164, 31
1, 163, 32
1, 161, 33
1, 159, 34
1, 157, 35
1, 155, 36
1, 154, 38
2, 152, 39
2, 150, 40
2, 148, 41
2, 146, 42
2, 145, 43
2, 143, 45
2, 141, 46
3, 139, 47
3, 137, 49
3, 136, 50
3, 134, 51
3, 132, 53
4, 130, 54
4, 128, 55
4, 127, 57
4, 125, 58
4, 123, 60
5, 121, 61
5, 120, 63
5, 118, 64
6, 116, 66
6, 114, 67
6, 113, 69
6, 111, 71
7, 109, 72
7, 107, 74
7, 106, 76
8, 104, 77
8, 102, 79
8, 100, 81
9, 99, 82
9, 97, 84
10, 95, 86
10, 94, 87
10, 92, 89
11, 90, 91
11, 89, 93
12, 87, 95
12, 86, 96
13, 84, 98
13, 82, 100
14, 81, 102
14, 79, 104
15, 78, 106
15, 76, 108
16, 75, 109
16, 73, 111
17, 72, 113
18, 70, 115
18, 69, 117
19, 67, 119
19, 66, 121
20, 65, 123
21, 63, 125
21, 62, 127
22, 60, 129
23, 59, 131
23, 58, 133
24, 56, 135
25, 55, 137
26, 54, 138
26, 53, 140
27, 51, 142
28, 50, 144
29, 49, 146
30, 48, 148
30, 46, 150
31, 45, 152
32, 44, 154
33, 43, 156
34, 42, 158
35, 41, 160
36, 40, 162
37, 39, 164
38, 37, 166
39, 36, 168
40, 35, 170
41, 34, 172
42, 33, 173
43, 32, 175
44, 31, 177
45, 31, 179
46, 30, 181
47, 29, 183
48, 28, 185
49, 27, 186
50, 26, 188
51, 25, 190
52, 24, 192
54, 24, 193
55, 23, 195
56, 22, 197
57, 21, 199
58, 21, 200
60, 20, 202
61, 19, 204
62, 18, 205
63, 18, 207
65, 17, 208
66, 17, 210
67, 16, 211
69, 15, 213
70, 15, 214
71, 14, 216
73, 14, 217
74, 13, 219
75, 12, 220
77, 12, 222
78, 11, 223
79, 11, 224
81, 10, 226
82, 10, 227
84, 10, 228
85, 9, 229
87, 9, 230
88, 8, 232
90, 8, 233
91, 8, 234
93, 7, 235
94, 7, 236
96, 6, 237
97, 6, 238
99, 6, 239
100, 5, 240
102, 5, 241
103, 5, 242
105, 5, 242
106, 4, 243
108, 4, 244
109, 4, 245
111, 4, 245
113, 3, 246
114, 3, 247
116, 3, 247
117, 3, 248
119, 3, 248
121, 2, 249
122, 2, 249
124, 2, 249
125, 2, 250
127, 2, 250
129, 2, 250
130, 1, 251
132, 1, 251
134, 1, 251
135, 1, 251
137, 1, 251
139, 1, 251
140, 1, 251
142, 1, 252
143, 1, 251
145, 0, 251
147, 0, 251
148, 0, 251
150, 0, 251
152, 0, 251
153, 0, 251
155, 0, 250
156, 0, 250
158, 0, 250
160, 0, 249
161, 0, 249
163, 0, 248
165, 0, 248
166, 0, 247
168, 0, 247
169, 0, 246
171, 0, 245
172, 0, 245
174, 0, 244
176, 0, 243
177, 0, 243
179, 0, 242
180, 0, 241
182, 0, 240
183, 0, 239
185, 0, 238
186, 0, 237
188, 0, 236
189, 0, 235
191, 0, 234
192, 0, 233
194, 0, 232
195, 0, 231
197, 0, 230
198, 0, 228
199, 0, 227
201, 0, 226
202, 0, 225
204, 0, 223
205, 0, 222
206, 0, 221
208, 0, 219
209, 0, 218
210, 0, 216
211, 0, 215
213, 0, 213
214, 0, 212
215, 0, 210
216, 0, 209
218, 0, 207
219, 0, 206
220, 0, 204
221, 0, 202
222, 0, 201
223, 0, 199
224, 0, 197
226, 0, 196
227, 0, 194
228, 0, 192
229, 0, 191
230, 0, 189
231, 0, 187
232, 0, 185
233, 0, 183
233, 0, 181
234, 0, 180
235, 0, 178
236, 0, 176
237, 0, 174
238, 0, 172
239, 0, 170
239, 0, 168
240, 0, 166
241, 0, 165
242, 0, 163
242, 0, 161
243, 0, 159
243, 0, 157
244, 0, 155
245, 0, 153
245, 0, 151
246, 0, 149
246, 0, 147
247, 0, 145
247, 0, 143
248, 0, 141
248, 0, 139
249, 0, 137
249, 0, 135
249, 0, 133
250, 0, 131
250, 0, 129
250, 1, 127
250, 1, 125
251, 1, 124
251, 1, 122
251, 1, 120
251, 1, 118
251, 1, 116
251, 1, 114
251, 1, 112
251, 2, 110
252, 2, 108
251, 2, 106
251, 2, 104
251, 2, 103
251, 2, 101
251, 3, 99
251, 3, 97
251, 3, 95
251, 3, 93
251, 3, 92
250, 4, 90
250, 4, 88
250, 4, 86
250, 4, 85
249, 5, 83
249, 5, 81
248, 5, 79
248, 6, 78
248, 6, 76
247, 6, 74
247, 7, 73
246, 7, 71
246, 7, 70
245, 8, 68
245, 8, 66
244, 8, 65
243, 9, 63
243, 9, 62
242, 10, 60
241, 10, 59
241, 11, 57
240, 11, 56
239, 12, 55
238, 12, 53
238, 13, 52
237, 13, 50
236, 14, 49
235, 14, 48
234, 15, 46
233, 16, 45
232, 16, 44
231, 17, 43
230, 17, 41
229, 18, 40
228, 19, 39
227, 19, 38
226, 20, 37
225, 21, 36
224, 22, 35
223, 22, 33
222, 23, 32
221, 24, 31
220, 25, 30
219, 26, 29
217, 26, 28
216, 27, 27
215, 28, 26
214, 29, 26
212, 30, 25
211, 31, 24
210, 32, 23
209, 33, 22
207, 34, 21
206, 35, 20
205, 36, 20
203, 37, 19
202, 38, 18
201, 39, 17
199, 40, 17
198, 41, 16
196, 42, 15
195, 43, 15
193, 45, 14
192, 46, 13
190, 47, 13
189, 48, 12
188, 49, 12
186, 51, 11
185, 52, 11
183, 53, 10
